2024-04-10 07:20:57.269,3544.86,ETHUSDT
2024-04-10 07:20:57.452,581.7,BNBUSDT
2024-04-10 07:20:59.475,581.7,BNBUSDT
2024-04-10 07:20:59.696,3544.86,ETHUSDT
2024-04-10 07:20:59.696,69450.61,BTCUSDT
2024-04-10 07:21:00.006,581.7,BNBUSDT
2024-04-10 07:21:00.008,69450.6,BTCUSDT
2024-04-10 07:21:00.009,3544.86,ETHUSDT
2024-04-10 07:21:02.053,3545.0,ETHUSDT
2024-04-10 07:21:02.118,69450.99,BTCUSDT
2024-04-10 07:21:02.701,581.7,BNBUSDT
2024-04-10 07:21:04.236,3544.17,ETHUSDT
2024-04-10 07:21:04.246,69445.76,BTCUSDT
2024-04-10 07:21:05.416,581.7,BNBUSDT
2024-04-10 07:21:06.276,69442.14,BTCUSDT
2024-04-10 07:21:06.697,3544.18,ETHUSDT
2024-04-10 07:21:07.519,581.7,BNBUSDT
2024-04-10 07:21:08.697,69442.13,BTCUSDT
2024-04-10 07:21:08.804,3544.17,ETHUSDT
2024-04-10 07:21:09.697,581.7,BNBUSDT
2024-04-10 07:21:10.699,69441.36,BTCUSDT
2024-04-10 07:21:11.089,3544.17,ETHUSDT
2024-04-10 07:21:11.777,581.6,BNBUSDT
2024-04-10 07:21:12.715,69427.19,BTCUSDT
2024-04-10 07:21:13.163,3543.08,ETHUSDT
2024-04-10 07:21:14.700,581.6,BNBUSDT
2024-04-10 07:21:14.874,69427.18,BTCUSDT
2024-04-10 07:21:15.216,3543.07,ETHUSDT
2024-04-10 07:21:17.043,69414.0,BTCUSDT
2024-04-10 07:21:17.697,3542.6,ETHUSDT
2024-04-10 07:21:17.698,581.5,BNBUSDT
2024-04-10 07:21:19.281,69414.0,BTCUSDT
2024-04-10 07:21:20.009,3542.5,ETHUSDT
2024-04-10 07:21:20.698,581.5,BNBUSDT
2024-04-10 07:21:21.461,69414.0,BTCUSDT
2024-04-10 07:21:22.500,3542.49,ETHUSDT
2024-04-10 07:21:23.193,581.6,BNBUSDT
2024-04-10 07:21:24.003,69414.01,BTCUSDT
2024-04-10 07:21:24.631,3542.5,ETHUSDT
2024-04-10 07:21:26.151,69414.0,BTCUSDT
2024-04-10 07:21:26.636,3542.49,ETHUSDT
2024-04-10 07:21:26.698,581.5,BNBUSDT
2024-04-10 07:21:28.672,3542.49,ETHUSDT
2024-04-10 07:21:28.698,69414.01,BTCUSDT
2024-04-10 07:21:29.699,581.5,BNBUSDT
2024-04-10 07:21:30.698,3542.36,ETHUSDT
2024-04-10 07:21:30.716,69414.01,BTCUSDT
2024-04-10 07:21:32.699,581.4,BNBUSDT
2024-04-10 07:21:32.849,69414.0,BTCUSDT
2024-04-10 07:21:32.965,3542.35,ETHUSDT
2024-04-10 07:21:34.775,581.5,BNBUSDT
2024-04-10 07:21:34.980,69414.0,BTCUSDT
2024-04-10 07:21:35.238,3542.01,ETHUSDT
2024-04-10 07:21:36.960,581.3,BNBUSDT
2024-04-10 07:21:37.042,69405.08,BTCUSDT
2024-04-10 07:21:37.581,3541.43,ETHUSDT
2024-04-10 07:21:39.312,69405.09,BTCUSDT
2024-04-10 07:21:39.699,3541.79,ETHUSDT
2024-04-10 07:21:39.699,581.3,BNBUSDT
2024-04-10 07:21:41.314,69407.03,BTCUSDT
2024-04-10 07:21:42.438,3541.78,ETHUSDT
2024-04-10 07:21:43.527,581.3,BNBUSDT
2024-04-10 07:21:43.583,69407.47,BTCUSDT
2024-04-10 07:21:44.699,3541.79,ETHUSDT
2024-04-10 07:21:45.699,69407.99,BTCUSDT
2024-04-10 07:21:45.956,581.3,BNBUSDT
2024-04-10 07:21:46.871,3541.45,ETHUSDT
2024-04-10 07:21:47.865,69407.99,BTCUSDT
2024-04-10 07:21:48.351,581.3,BNBUSDT
2024-04-10 07:21:49.605,3541.09,ETHUSDT
2024-04-10 07:21:49.963,69407.99,BTCUSDT
2024-04-10 07:21:51.305,581.2,BNBUSDT
2024-04-10 07:21:52.037,69407.99,BTCUSDT
2024-04-10 07:21:52.379,3541.09,ETHUSDT
2024-04-10 07:21:53.975,581.2,BNBUSDT
2024-04-10 07:21:54.297,69408.0,BTCUSDT
2024-04-10 07:21:54.700,3541.09,ETHUSDT
2024-04-10 07:21:56.541,69408.0,BTCUSDT
2024-04-10 07:21:56.730,3541.08,ETHUSDT
2024-04-10 07:21:57.700,581.2,BNBUSDT
2024-04-10 07:21:58.543,69407.99,BTCUSDT
2024-04-10 07:21:58.801,3541.0,ETHUSDT
2024-04-10 07:21:59.764,581.2,BNBUSDT
2024-04-10 07:22:00.005,69401.63,BTCUSDT
2024-04-10 07:22:00.005,581.2,BNBUSDT
2024-04-10 07:22:00.006,3540.79,ETHUSDT
2024-04-10 07:22:02.164,69403.56,BTCUSDT
2024-04-10 07:22:02.507,3540.99,ETHUSDT
2024-04-10 07:22:02.702,581.2,BNBUSDT
2024-04-10 07:22:04.333,69407.12,BTCUSDT
2024-04-10 07:22:04.585,3541.33,ETHUSDT
2024-04-10 07:22:05.701,581.2,BNBUSDT
2024-04-10 07:22:06.701,69414.04,BTCUSDT
2024-04-10 07:22:06.935,3541.44,ETHUSDT
2024-04-10 07:22:08.213,581.1,BNBUSDT
2024-04-10 07:22:09.041,69414.04,BTCUSDT
2024-04-10 07:22:09.701,3541.8,ETHUSDT
2024-04-10 07:22:10.429,581.2,BNBUSDT
2024-04-10 07:22:11.156,69423.22,BTCUSDT
2024-04-10 07:22:11.942,3542.0,ETHUSDT
2024-04-10 07:22:13.359,69423.23,BTCUSDT
2024-04-10 07:22:13.471,581.2,BNBUSDT
2024-04-10 07:22:13.983,3541.72,ETHUSDT
2024-04-10 07:22:15.701,69423.22,BTCUSDT
2024-04-10 07:22:16.309,3541.71,ETHUSDT
2024-04-10 07:22:16.701,581.3,BNBUSDT
2024-04-10 07:22:17.710,69423.23,BTCUSDT
2024-04-10 07:22:18.382,3541.72,ETHUSDT
2024-04-10 07:22:19.011,581.4,BNBUSDT
2024-04-10 07:22:19.859,69423.22,BTCUSDT
2024-04-10 07:22:20.701,3541.72,ETHUSDT
2024-04-10 07:22:22.237,69423.23,BTCUSDT
2024-04-10 07:22:23.069,3542.0,ETHUSDT
2024-04-10 07:22:24.702,69423.23,BTCUSDT
2024-04-10 07:22:25.396,581.3,BNBUSDT
2024-04-10 07:22:25.702,3542.0,ETHUSDT
2024-04-10 07:22:27.053,69423.22,BTCUSDT
2024-04-10 07:22:27.673,581.3,BNBUSDT
2024-04-10 07:22:28.326,3542.0,ETHUSDT
2024-04-10 07:22:29.066,69423.22,BTCUSDT
2024-04-10 07:22:29.915,581.3,BNBUSDT
2024-04-10 07:22:30.702,3541.99,ETHUSDT
2024-04-10 07:22:31.271,69427.99,BTCUSDT
2024-04-10 07:22:32.658,581.3,BNBUSDT
2024-04-10 07:22:32.992,3542.0,ETHUSDT
2024-04-10 07:22:33.470,69430.8,BTCUSDT
2024-04-10 07:22:35.702,3542.01,ETHUSDT
2024-04-10 07:22:35.703,69430.8,BTCUSDT
2024-04-10 07:22:35.703,581.3,BNBUSDT
2024-04-10 07:22:37.732,581.3,BNBUSDT
2024-04-10 07:22:37.862,69430.79,BTCUSDT
2024-04-10 07:22:38.703,3542.39,ETHUSDT
2024-04-10 07:22:39.986,69430.8,BTCUSDT
2024-04-10 07:22:40.632,581.3,BNBUSDT
2024-04-10 07:22:40.817,3542.39,ETHUSDT
2024-04-10 07:22:42.373,69430.8,BTCUSDT
2024-04-10 07:22:42.703,581.3,BNBUSDT
2024-04-10 07:22:44.484,69430.79,BTCUSDT
2024-04-10 07:22:44.703,3542.39,ETHUSDT
2024-04-10 07:22:45.917,581.4,BNBUSDT
2024-04-10 07:22:46.601,69430.8,BTCUSDT
2024-04-10 07:22:47.703,3542.39,ETHUSDT
2024-04-10 07:22:48.703,69430.79,BTCUSDT
2024-04-10 07:22:48.704,581.3,BNBUSDT
2024-04-10 07:22:50.424,3542.39,ETHUSDT
2024-04-10 07:22:50.873,69430.79,BTCUSDT
2024-04-10 07:22:52.101,581.3,BNBUSDT
2024-04-10 07:22:52.703,3542.08,ETHUSDT
2024-04-10 07:22:53.043,69430.8,BTCUSDT
2024-04-10 07:22:54.704,581.3,BNBUSDT
2024-04-10 07:22:54.913,3542.02,ETHUSDT
2024-04-10 07:22:55.270,69430.79,BTCUSDT
2024-04-10 07:22:56.709,581.3,BNBUSDT
2024-04-10 07:22:57.341,3542.02,ETHUSDT
2024-04-10 07:22:57.399,69430.79,BTCUSDT
2024-04-10 07:22:59.704,69430.8,BTCUSDT
2024-04-10 07:22:59.704,581.3,BNBUSDT
2024-04-10 07:22:59.974,3542.02,ETHUSDT
2024-04-10 07:23:00.005,581.4,BNBUSDT
2024-04-10 07:23:00.007,3542.02,ETHUSDT
2024-04-10 07:23:00.006,69430.8,BTCUSDT
2024-04-10 07:23:02.009,69423.22,BTCUSDT
2024-04-10 07:23:02.036,3541.19,ETHUSDT
2024-04-10 07:23:02.208,581.3,BNBUSDT
2024-04-10 07:23:04.062,3540.8,ETHUSDT
2024-04-10 07:23:04.351,69416.93,BTCUSDT
2024-04-10 07:23:04.529,581.3,BNBUSDT
2024-04-10 07:23:06.356,69408.84,BTCUSDT
2024-04-10 07:23:06.705,3540.81,ETHUSDT
2024-04-10 07:23:06.706,581.3,BNBUSDT
2024-04-10 07:23:08.705,69407.91,BTCUSDT
2024-04-10 07:23:08.847,3540.68,ETHUSDT
2024-04-10 07:23:09.149,581.4,BNBUSDT
2024-04-10 07:23:10.784,69407.92,BTCUSDT
2024-04-10 07:23:11.607,581.3,BNBUSDT
2024-04-10 07:23:11.669,3540.8,ETHUSDT
2024-04-10 07:23:12.912,69407.91,BTCUSDT
2024-04-10 07:23:14.469,581.3,BNBUSDT
2024-04-10 07:23:14.741,3540.8,ETHUSDT
2024-04-10 07:23:14.962,69407.92,BTCUSDT
2024-04-10 07:23:16.833,3540.8,ETHUSDT
2024-04-10 07:23:16.964,69407.91,BTCUSDT
2024-04-10 07:23:17.309,581.4,BNBUSDT
2024-04-10 07:23:19.057,3540.79,ETHUSDT
2024-04-10 07:23:19.180,69407.91,BTCUSDT
2024-04-10 07:23:19.716,581.4,BNBUSDT
2024-04-10 07:23:21.237,3540.8,ETHUSDT
2024-04-10 07:23:21.345,69407.91,BTCUSDT
2024-04-10 07:23:22.834,581.4,BNBUSDT
2024-04-10 07:23:23.368,69407.91,BTCUSDT
2024-04-10 07:23:23.705,3540.79,ETHUSDT
2024-04-10 07:23:25.706,69407.91,BTCUSDT
2024-04-10 07:23:25.838,3540.8,ETHUSDT
2024-04-10 07:23:25.853,581.4,BNBUSDT
2024-04-10 07:23:27.768,69407.91,BTCUSDT
2024-04-10 07:23:28.435,581.3,BNBUSDT
2024-04-10 07:23:28.706,3540.79,ETHUSDT
2024-04-10 07:23:30.037,69407.92,BTCUSDT
2024-04-10 07:23:30.892,581.4,BNBUSDT
2024-04-10 07:23:31.706,3540.8,ETHUSDT
2024-04-10 07:23:32.706,69407.91,BTCUSDT
2024-04-10 07:23:33.507,581.4,BNBUSDT
2024-04-10 07:23:34.439,3540.8,ETHUSDT
2024-04-10 07:23:34.783,69407.92,BTCUSDT
2024-04-10 07:23:36.702,3541.2,ETHUSDT
2024-04-10 07:23:36.707,581.4,BNBUSDT
2024-04-10 07:23:37.141,69407.91,BTCUSDT
2024-04-10 07:23:38.902,3541.05,ETHUSDT
2024-04-10 07:23:39.101,581.3,BNBUSDT
2024-04-10 07:23:39.150,69407.92,BTCUSDT
2024-04-10 07:23:41.174,69407.92,BTCUSDT
2024-04-10 07:23:41.696,581.4,BNBUSDT
2024-04-10 07:23:41.707,3541.0,ETHUSDT
2024-04-10 07:23:43.374,69407.91,BTCUSDT
2024-04-10 07:23:44.413,581.4,BNBUSDT
2024-04-10 07:23:44.696,3540.8,ETHUSDT
2024-04-10 07:23:45.842,69407.92,BTCUSDT
2024-04-10 07:23:46.948,3540.79,ETHUSDT
2024-04-10 07:23:47.006,581.3,BNBUSDT
2024-04-10 07:23:48.175,69407.92,BTCUSDT
2024-04-10 07:23:49.151,3540.61,ETHUSDT
2024-04-10 07:23:49.652,581.3,BNBUSDT
2024-04-10 07:23:50.337,69407.92,BTCUSDT
2024-04-10 07:23:51.504,3540.52,ETHUSDT
2024-04-10 07:23:52.528,69407.91,BTCUSDT
2024-04-10 07:23:52.573,581.2,BNBUSDT
2024-04-10 07:23:53.753,3540.51,ETHUSDT
2024-04-10 07:23:54.708,69400.89,BTCUSDT
2024-04-10 07:23:55.354,581.2,BNBUSDT
2024-04-10 07:23:56.061,3540.52,ETHUSDT
2024-04-10 07:23:56.975,69400.88,BTCUSDT
2024-04-10 07:23:57.708,581.2,BNBUSDT
2024-04-10 07:23:58.708,3540.55,ETHUSDT
2024-04-10 07:23:59.446,69400.88,BTCUSDT
2024-04-10 07:23:59.825,581.2,BNBUSDT
2024-04-10 07:24:00.005,581.2,BNBUSDT
2024-04-10 07:24:00.007,69400.89,BTCUSDT
2024-04-10 07:24:00.009,3540.55,ETHUSDT
2024-04-10 07:24:02.494,3540.7,ETHUSDT
2024-04-10 07:24:02.711,69400.89,BTCUSDT
2024-04-10 07:24:02.712,581.2,BNBUSDT
2024-04-10 07:24:04.851,3540.69,ETHUSDT
2024-04-10 07:24:04.973,581.1,BNBUSDT
2024-04-10 07:24:04.975,69400.88,BTCUSDT
2024-04-10 07:24:07.033,69400.89,BTCUSDT
2024-04-10 07:24:07.539,3540.7,ETHUSDT
2024-04-10 07:24:07.630,581.1,BNBUSDT
2024-04-10 07:24:09.569,69400.88,BTCUSDT
2024-04-10 07:24:09.660,581.2,BNBUSDT
2024-04-10 07:24:10.679,3540.66,ETHUSDT
2024-04-10 07:24:11.573,69400.89,BTCUSDT
2024-04-10 07:24:11.804,581.1,BNBUSDT
2024-04-10 07:24:12.700,3540.65,ETHUSDT
2024-04-10 07:24:13.841,69400.89,BTCUSDT
2024-04-10 07:24:14.442,581.1,BNBUSDT
2024-04-10 07:24:14.764,3540.66,ETHUSDT
2024-04-10 07:24:15.939,69396.72,BTCUSDT
2024-04-10 07:24:16.968,581.2,BNBUSDT
2024-04-10 07:24:17.421,3540.66,ETHUSDT
2024-04-10 07:24:18.050,69394.02,BTCUSDT
2024-04-10 07:24:18.979,581.2,BNBUSDT
2024-04-10 07:24:19.578,3540.66,ETHUSDT
2024-04-10 07:24:20.220,69393.2,BTCUSDT
2024-04-10 07:24:21.021,581.2,BNBUSDT
2024-04-10 07:24:21.729,3540.05,ETHUSDT
2024-04-10 07:24:22.621,69381.09,BTCUSDT
2024-04-10 07:24:23.711,581.2,BNBUSDT
2024-04-10 07:24:23.857,3540.01,ETHUSDT
2024-04-10 07:24:24.891,69379.0,BTCUSDT
2024-04-10 07:24:26.147,3540.01,ETHUSDT
2024-04-10 07:24:26.710,581.1,BNBUSDT
2024-04-10 07:24:27.038,69376.56,BTCUSDT
2024-04-10 07:24:28.283,3539.43,ETHUSDT
2024-04-10 07:24:29.568,581.2,BNBUSDT
2024-04-10 07:24:29.710,69371.61,BTCUSDT
2024-04-10 07:24:30.710,3539.42,ETHUSDT
2024-04-10 07:24:31.742,69371.6,BTCUSDT
2024-04-10 07:24:32.366,581.1,BNBUSDT
2024-04-10 07:24:33.710,3539.43,ETHUSDT
2024-04-10 07:24:34.401,581.1,BNBUSDT
2024-04-10 07:24:34.542,69371.6,BTCUSDT
2024-04-10 07:24:36.036,3539.42,ETHUSDT
2024-04-10 07:24:36.540,581.1,BNBUSDT
2024-04-10 07:24:36.672,69371.6,BTCUSDT
2024-04-10 07:24:38.106,3539.8,ETHUSDT
2024-04-10 07:24:38.781,69371.6,BTCUSDT
2024-04-10 07:24:40.102,581.1,BNBUSDT
2024-04-10 07:24:41.545,69371.6,BTCUSDT
2024-04-10 07:24:41.710,3539.79,ETHUSDT
2024-04-10 07:24:42.711,581.1,BNBUSDT
2024-04-10 07:24:43.711,69371.6,BTCUSDT
2024-04-10 07:24:44.347,3539.79,ETHUSDT
2024-04-10 07:24:45.476,581.2,BNBUSDT
2024-04-10 07:24:45.772,69371.61,BTCUSDT
2024-04-10 07:24:46.711,3539.8,ETHUSDT
2024-04-10 07:24:48.392,69371.6,BTCUSDT
2024-04-10 07:24:48.711,581.2,BNBUSDT
2024-04-10 07:24:49.711,3539.8,ETHUSDT
2024-04-10 07:24:50.440,69371.6,BTCUSDT
2024-04-10 07:24:51.390,581.2,BNBUSDT
2024-04-10 07:24:51.739,3539.8,ETHUSDT
2024-04-10 07:24:52.711,69371.6,BTCUSDT
2024-04-10 07:24:54.132,3539.8,ETHUSDT
2024-04-10 07:24:54.711,581.1,BNBUSDT
2024-04-10 07:24:54.828,69371.61,BTCUSDT
2024-04-10 07:24:56.372,3539.79,ETHUSDT
2024-04-10 07:24:57.101,581.2,BNBUSDT
2024-04-10 07:24:57.517,69371.61,BTCUSDT
2024-04-10 07:24:58.712,3539.8,ETHUSDT
2024-04-10 07:24:59.710,581.1,BNBUSDT
2024-04-10 07:24:59.712,69376.0,BTCUSDT
2024-04-10 07:25:00.005,581.1,BNBUSDT
2024-04-10 07:25:00.007,69379.01,BTCUSDT
2024-04-10 07:25:00.008,3539.79,ETHUSDT
2024-04-10 07:25:02.095,3539.79,ETHUSDT
2024-04-10 07:25:02.715,69379.0,BTCUSDT
2024-04-10 07:25:02.716,581.1,BNBUSDT
2024-04-10 07:25:04.219,3539.79,ETHUSDT
2024-04-10 07:25:05.337,69379.01,BTCUSDT
2024-04-10 07:25:06.465,3539.79,ETHUSDT
2024-04-10 07:25:06.713,581.1,BNBUSDT
2024-04-10 07:25:08.008,69379.0,BTCUSDT
2024-04-10 07:25:09.131,3539.5,ETHUSDT
2024-04-10 07:25:09.713,581.1,BNBUSDT
2024-04-10 07:25:10.265,69379.0,BTCUSDT
2024-04-10 07:25:11.647,3539.42,ETHUSDT
2024-04-10 07:25:12.142,581.1,BNBUSDT
2024-04-10 07:25:12.271,69379.0,BTCUSDT
2024-04-10 07:25:14.039,3539.43,ETHUSDT
2024-04-10 07:25:14.342,581.1,BNBUSDT
2024-04-10 07:25:14.610,69379.0,BTCUSDT
2024-04-10 07:25:16.169,3539.43,ETHUSDT
2024-04-10 07:25:16.713,69379.0,BTCUSDT
2024-04-10 07:25:17.341,581.1,BNBUSDT
2024-04-10 07:25:18.189,3539.42,ETHUSDT
2024-04-10 07:25:18.744,69379.0,BTCUSDT
2024-04-10 07:25:20.274,3539.43,ETHUSDT
2024-04-10 07:25:20.295,581.1,BNBUSDT
2024-04-10 07:25:20.972,69379.01,BTCUSDT
2024-04-10 07:25:22.324,581.0,BNBUSDT
2024-04-10 07:25:22.355,3539.55,ETHUSDT
2024-04-10 07:25:23.308,69372.84,BTCUSDT
2024-04-10 07:25:24.348,580.8,BNBUSDT
2024-04-10 07:25:24.437,3538.39,ETHUSDT
2024-04-10 07:25:25.311,69333.98,BTCUSDT
2024-04-10 07:25:26.414,580.8,BNBUSDT
2024-04-10 07:25:26.515,3537.21,ETHUSDT
2024-04-10 07:25:27.714,69333.98,BTCUSDT
2024-04-10 07:25:28.536,3537.6,ETHUSDT
2024-04-10 07:25:28.894,580.8,BNBUSDT
2024-04-10 07:25:29.845,69315.49,BTCUSDT
2024-04-10 07:25:30.540,3536.12,ETHUSDT
2024-04-10 07:25:31.715,580.7,BNBUSDT
2024-04-10 07:25:31.847,69310.34,BTCUSDT
2024-04-10 07:25:32.654,3535.4,ETHUSDT
2024-04-10 07:25:34.142,580.7,BNBUSDT
2024-04-10 07:25:34.660,3535.6,ETHUSDT
2024-04-10 07:25:34.715,69310.34,BTCUSDT
2024-04-10 07:25:36.535,580.7,BNBUSDT
2024-04-10 07:25:36.662,3536.4,ETHUSDT
2024-04-10 07:25:36.961,69310.35,BTCUSDT
2024-04-10 07:25:38.834,3537.58,ETHUSDT
2024-04-10 07:25:39.715,69319.97,BTCUSDT
2024-04-10 07:25:40.063,580.7,BNBUSDT
2024-04-10 07:25:40.966,3537.58,ETHUSDT
2024-04-10 07:25:42.265,69319.96,BTCUSDT
2024-04-10 07:25:42.870,580.6,BNBUSDT
2024-04-10 07:25:43.614,3536.6,ETHUSDT
2024-04-10 07:25:44.486,69319.96,BTCUSDT
2024-04-10 07:25:45.076,580.7,BNBUSDT
2024-04-10 07:25:45.715,3536.59,ETHUSDT
2024-04-10 07:25:46.562,69319.96,BTCUSDT
2024-04-10 07:25:47.227,580.6,BNBUSDT
2024-04-10 07:25:48.305,3536.6,ETHUSDT
2024-04-10 07:25:48.591,69319.96,BTCUSDT
2024-04-10 07:25:49.821,580.7,BNBUSDT
2024-04-10 07:25:50.536,3536.59,ETHUSDT
2024-04-10 07:25:50.729,69319.96,BTCUSDT
2024-04-10 07:25:52.038,580.5,BNBUSDT
2024-04-10 07:25:52.943,69319.97,BTCUSDT
2024-04-10 07:25:53.560,3536.05,ETHUSDT
2024-04-10 07:25:54.715,580.6,BNBUSDT
2024-04-10 07:25:55.138,69319.96,BTCUSDT
2024-04-10 07:25:55.849,3536.06,ETHUSDT
2024-04-10 07:25:57.715,580.5,BNBUSDT
2024-04-10 07:25:58.136,69319.97,BTCUSDT
2024-04-10 07:25:58.149,3536.06,ETHUSDT
2024-04-10 07:26:00.004,580.5,BNBUSDT
2024-04-10 07:26:00.005,69319.97,BTCUSDT
2024-04-10 07:26:00.006,3536.26,ETHUSDT
2024-04-10 07:26:02.074,69319.96,BTCUSDT
2024-04-10 07:26:02.183,3536.25,ETHUSDT
2024-04-10 07:26:02.718,580.5,BNBUSDT
2024-04-10 07:26:04.622,3536.6,ETHUSDT
2024-04-10 07:26:04.716,69319.96,BTCUSDT
2024-04-10 07:26:05.716,580.6,BNBUSDT
2024-04-10 07:26:06.866,3536.59,ETHUSDT
2024-04-10 07:26:07.036,69319.97,BTCUSDT
2024-04-10 07:26:07.949,580.6,BNBUSDT
2024-04-10 07:26:08.978,3536.41,ETHUSDT
2024-04-10 07:26:09.716,69322.49,BTCUSDT
2024-04-10 07:26:10.436,580.5,BNBUSDT
2024-04-10 07:26:11.363,3536.75,ETHUSDT
2024-04-10 07:26:11.781,69334.3,BTCUSDT
2024-04-10 07:26:13.717,3536.99,ETHUSDT
2024-04-10 07:26:13.946,69340.0,BTCUSDT
2024-04-10 07:26:14.886,580.6,BNBUSDT
2024-04-10 07:26:15.771,3537.7,ETHUSDT
2024-04-10 07:26:16.104,69340.0,BTCUSDT
2024-04-10 07:26:17.717,580.7,BNBUSDT
2024-04-10 07:26:18.312,69345.39,BTCUSDT
2024-04-10 07:26:18.717,3537.94,ETHUSDT
2024-04-10 07:26:19.943,580.6,BNBUSDT
2024-04-10 07:26:20.717,69345.4,BTCUSDT
2024-04-10 07:26:21.951,580.6,BNBUSDT
2024-04-10 07:26:22.434,3537.94,ETHUSDT
2024-04-10 07:26:22.868,69345.4,BTCUSDT
2024-04-10 07:26:24.434,580.7,BNBUSDT
2024-04-10 07:26:24.467,3537.93,ETHUSDT
2024-04-10 07:26:25.045,69345.39,BTCUSDT
2024-04-10 07:26:26.619,580.7,BNBUSDT
2024-04-10 07:26:26.717,3537.94,ETHUSDT
2024-04-10 07:26:27.152,69345.39,BTCUSDT
2024-04-10 07:26:28.744,3537.19,ETHUSDT
2024-04-10 07:26:28.770,580.6,BNBUSDT
2024-04-10 07:26:29.260,69327.18,BTCUSDT
2024-04-10 07:26:31.321,3536.82,ETHUSDT
2024-04-10 07:26:31.718,69327.17,BTCUSDT
2024-04-10 07:26:31.718,580.7,BNBUSDT
2024-04-10 07:26:33.491,3536.82,ETHUSDT
2024-04-10 07:26:34.044,69327.18,BTCUSDT
2024-04-10 07:26:34.226,580.6,BNBUSDT
2024-04-10 07:26:35.608,3537.35,ETHUSDT
2024-04-10 07:26:36.044,69331.99,BTCUSDT
2024-04-10 07:26:36.940,580.8,BNBUSDT
2024-04-10 07:26:37.718,3537.7,ETHUSDT
2024-04-10 07:26:38.242,69332.0,BTCUSDT
2024-04-10 07:26:39.767,3537.7,ETHUSDT
2024-04-10 07:26:40.310,580.8,BNBUSDT
2024-04-10 07:26:40.802,69331.99,BTCUSDT
2024-04-10 07:26:42.694,580.7,BNBUSDT
2024-04-10 07:26:42.718,3537.7,ETHUSDT
2024-04-10 07:26:42.842,69332.0,BTCUSDT
2024-04-10 07:26:44.939,3537.7,ETHUSDT
2024-04-10 07:26:45.045,580.8,BNBUSDT
2024-04-10 07:26:45.395,69332.0,BTCUSDT
2024-04-10 07:26:47.180,3537.69,ETHUSDT
2024-04-10 07:26:47.303,580.8,BNBUSDT
2024-04-10 07:26:47.402,69336.16,BTCUSDT
2024-04-10 07:26:49.306,580.8,BNBUSDT
2024-04-10 07:26:49.662,69339.99,BTCUSDT
2024-04-10 07:26:49.719,3537.7,ETHUSDT
2024-04-10 07:26:52.292,580.8,BNBUSDT
2024-04-10 07:26:52.719,69339.99,BTCUSDT
2024-04-10 07:26:53.021,3537.69,ETHUSDT
2024-04-10 07:26:54.719,580.8,BNBUSDT
2024-04-10 07:26:55.244,3537.7,ETHUSDT
2024-04-10 07:26:55.341,69340.0,BTCUSDT
2024-04-10 07:26:57.277,3537.7,ETHUSDT
2024-04-10 07:26:57.720,580.8,BNBUSDT
2024-04-10 07:26:58.205,69339.99,BTCUSDT
2024-04-10 07:26:59.639,3537.69,ETHUSDT
2024-04-10 07:27:00.006,580.7,BNBUSDT
2024-04-10 07:27:00.007,69340.0,BTCUSDT
2024-04-10 07:27:00.009,3537.69,ETHUSDT
2024-04-10 07:27:02.124,69339.99,BTCUSDT
2024-04-10 07:27:02.721,3537.69,ETHUSDT
2024-04-10 07:27:02.724,580.8,BNBUSDT
2024-04-10 07:27:04.720,69340.0,BTCUSDT
2024-04-10 07:27:05.261,3537.7,ETHUSDT
2024-04-10 07:27:05.720,580.8,BNBUSDT
2024-04-10 07:27:06.963,69332.0,BTCUSDT
2024-04-10 07:27:08.466,3537.24,ETHUSDT
2024-04-10 07:27:08.721,580.8,BNBUSDT
2024-04-10 07:27:09.070,69329.07,BTCUSDT
2024-04-10 07:27:10.719,3537.24,ETHUSDT
2024-04-10 07:27:11.177,580.7,BNBUSDT
2024-04-10 07:27:11.261,69329.07,BTCUSDT
2024-04-10 07:27:13.372,580.8,BNBUSDT
2024-04-10 07:27:13.524,3537.39,ETHUSDT
2024-04-10 07:27:13.664,69329.07,BTCUSDT
2024-04-10 07:27:15.489,580.8,BNBUSDT
2024-04-10 07:27:15.718,69335.03,BTCUSDT
2024-04-10 07:27:15.960,3537.48,ETHUSDT
2024-04-10 07:27:17.862,69335.99,BTCUSDT
2024-04-10 07:27:18.040,580.8,BNBUSDT
2024-04-10 07:27:18.720,3537.69,ETHUSDT
2024-04-10 07:27:20.078,69335.99,BTCUSDT
2024-04-10 07:27:20.125,580.7,BNBUSDT
2024-04-10 07:27:21.453,3537.69,ETHUSDT
2024-04-10 07:27:22.208,69336.0,BTCUSDT
2024-04-10 07:27:22.590,580.7,BNBUSDT
2024-04-10 07:27:23.990,3537.27,ETHUSDT
2024-04-10 07:27:24.437,69332.0,BTCUSDT
2024-04-10 07:27:25.639,580.8,BNBUSDT
2024-04-10 07:27:26.004,3537.28,ETHUSDT
2024-04-10 07:27:26.494,69332.01,BTCUSDT
2024-04-10 07:27:27.721,580.7,BNBUSDT
2024-04-10 07:27:28.721,3537.28,ETHUSDT
2024-04-10 07:27:29.121,69332.01,BTCUSDT
2024-04-10 07:27:30.666,580.8,BNBUSDT
2024-04-10 07:27:30.775,3537.28,ETHUSDT
2024-04-10 07:27:31.338,69332.01,BTCUSDT
2024-04-10 07:27:33.535,69332.0,BTCUSDT
2024-04-10 07:27:33.721,3537.27,ETHUSDT
2024-04-10 07:27:34.618,580.8,BNBUSDT
2024-04-10 07:27:35.685,69332.0,BTCUSDT
2024-04-10 07:27:36.108,3537.27,ETHUSDT
2024-04-10 07:27:36.766,580.8,BNBUSDT
2024-04-10 07:27:38.286,69332.01,BTCUSDT
2024-04-10 07:27:38.505,3537.28,ETHUSDT
2024-04-10 07:27:39.294,580.8,BNBUSDT
2024-04-10 07:27:40.358,69332.01,BTCUSDT
2024-04-10 07:27:40.722,3537.4,ETHUSDT
2024-04-10 07:27:42.440,69332.0,BTCUSDT
2024-04-10 07:27:42.722,580.8,BNBUSDT
2024-04-10 07:27:43.052,3537.55,ETHUSDT
2024-04-10 07:27:44.592,69332.0,BTCUSDT
2024-04-10 07:27:45.076,3537.69,ETHUSDT
2024-04-10 07:27:45.231,580.8,BNBUSDT
2024-04-10 07:27:46.641,69332.01,BTCUSDT
2024-04-10 07:27:47.133,3537.7,ETHUSDT
2024-04-10 07:27:47.953,580.8,BNBUSDT
2024-04-10 07:27:48.723,69332.01,BTCUSDT
2024-04-10 07:27:49.287,3537.79,ETHUSDT
2024-04-10 07:27:51.170,580.8,BNBUSDT
2024-04-10 07:27:51.367,69332.01,BTCUSDT
2024-04-10 07:27:51.492,3537.8,ETHUSDT
2024-04-10 07:27:53.383,580.8,BNBUSDT
2024-04-10 07:27:53.564,69332.01,BTCUSDT
2024-04-10 07:27:53.723,3537.79,ETHUSDT
2024-04-10 07:27:55.723,69332.01,BTCUSDT
2024-04-10 07:27:55.743,580.8,BNBUSDT
2024-04-10 07:27:56.025,3537.94,ETHUSDT
2024-04-10 07:27:58.328,580.8,BNBUSDT
2024-04-10 07:27:58.397,3537.94,ETHUSDT
2024-04-10 07:27:58.723,69332.01,BTCUSDT
2024-04-10 07:28:00.004,580.8,BNBUSDT
2024-04-10 07:28:00.005,69332.01,BTCUSDT
2024-04-10 07:28:00.006,3537.94,ETHUSDT
2024-04-10 07:28:02.351,69332.0,BTCUSDT
2024-04-10 07:28:02.414,3537.94,ETHUSDT
2024-04-10 07:28:02.725,580.7,BNBUSDT
2024-04-10 07:28:04.470,69332.01,BTCUSDT
2024-04-10 07:28:04.724,3537.8,ETHUSDT
2024-04-10 07:28:05.724,580.8,BNBUSDT
2024-04-10 07:28:06.597,69332.01,BTCUSDT
2024-04-10 07:28:07.384,3537.81,ETHUSDT
2024-04-10 07:28:08.724,69332.01,BTCUSDT
2024-04-10 07:28:08.724,580.8,BNBUSDT
2024-04-10 07:28:09.433,3537.8,ETHUSDT
2024-04-10 07:28:11.310,69332.01,BTCUSDT
2024-04-10 07:28:11.916,580.8,BNBUSDT
2024-04-10 07:28:12.282,3537.81,ETHUSDT
2024-04-10 07:28:13.356,69332.0,BTCUSDT
2024-04-10 07:28:14.331,3537.8,ETHUSDT
2024-04-10 07:28:14.857,580.8,BNBUSDT
2024-04-10 07:28:16.051,69332.0,BTCUSDT
2024-04-10 07:28:17.178,3537.81,ETHUSDT
2024-04-10 07:28:17.376,580.8,BNBUSDT
2024-04-10 07:28:18.416,69332.0,BTCUSDT
2024-04-10 07:28:19.321,3537.8,ETHUSDT
2024-04-10 07:28:19.540,580.7,BNBUSDT
2024-04-10 07:28:20.725,69332.01,BTCUSDT
2024-04-10 07:28:21.621,580.7,BNBUSDT
2024-04-10 07:28:21.725,3537.8,ETHUSDT
2024-04-10 07:28:22.967,69325.07,BTCUSDT
2024-04-10 07:28:23.725,580.7,BNBUSDT
2024-04-10 07:28:24.108,3537.7,ETHUSDT
2024-04-10 07:28:25.213,69325.07,BTCUSDT
2024-04-10 07:28:26.160,3537.94,ETHUSDT
2024-04-10 07:28:26.397,580.8,BNBUSDT
2024-04-10 07:28:27.343,69325.08,BTCUSDT
2024-04-10 07:28:28.373,3537.95,ETHUSDT
2024-04-10 07:28:28.622,580.7,BNBUSDT
2024-04-10 07:28:29.361,69325.07,BTCUSDT
2024-04-10 07:28:30.594,3537.96,ETHUSDT
2024-04-10 07:28:30.701,580.7,BNBUSDT
2024-04-10 07:28:31.726,69325.08,BTCUSDT
2024-04-10 07:28:32.725,3538.12,ETHUSDT
2024-04-10 07:28:33.726,580.8,BNBUSDT
2024-04-10 07:28:34.002,69325.08,BTCUSDT
2024-04-10 07:28:34.831,3538.2,ETHUSDT
2024-04-10 07:28:36.309,69325.08,BTCUSDT
2024-04-10 07:28:36.726,580.7,BNBUSDT
2024-04-10 07:28:36.960,3538.19,ETHUSDT
2024-04-10 07:28:38.343,69325.08,BTCUSDT
2024-04-10 07:28:39.062,3538.19,ETHUSDT
2024-04-10 07:28:39.599,580.8,BNBUSDT
2024-04-10 07:28:41.192,3538.01,ETHUSDT
2024-04-10 07:28:41.726,69325.08,BTCUSDT
2024-04-10 07:28:41.868,580.8,BNBUSDT
2024-04-10 07:28:43.794,3537.7,ETHUSDT
2024-04-10 07:28:43.963,69325.08,BTCUSDT
2024-04-10 07:28:44.324,580.7,BNBUSDT
2024-04-10 07:28:46.614,69325.08,BTCUSDT
2024-04-10 07:28:46.726,3537.69,ETHUSDT
2024-04-10 07:28:47.103,580.7,BNBUSDT
2024-04-10 07:28:48.727,69325.07,BTCUSDT
2024-04-10 07:28:49.050,3537.7,ETHUSDT
2024-04-10 07:28:49.572,580.6,BNBUSDT
2024-04-10 07:28:50.814,69325.07,BTCUSDT
2024-04-10 07:28:51.073,3537.69,ETHUSDT
2024-04-10 07:28:52.368,580.7,BNBUSDT
2024-04-10 07:28:52.848,69325.08,BTCUSDT
2024-04-10 07:28:53.144,3537.69,ETHUSDT
2024-04-10 07:28:54.474,580.7,BNBUSDT
2024-04-10 07:28:55.345,69325.07,BTCUSDT
2024-04-10 07:28:55.681,3537.69,ETHUSDT
2024-04-10 07:28:57.727,3537.69,ETHUSDT
2024-04-10 07:28:57.727,69325.07,BTCUSDT
2024-04-10 07:28:57.999,580.7,BNBUSDT
2024-04-10 07:28:59.872,69325.07,BTCUSDT
2024-04-10 07:28:59.975,3537.7,ETHUSDT
2024-04-10 07:29:00.004,580.6,BNBUSDT
2024-04-10 07:29:00.005,69325.08,BTCUSDT
2024-04-10 07:29:00.006,3537.7,ETHUSDT
2024-04-10 07:29:02.119,3537.7,ETHUSDT
2024-04-10 07:29:02.127,69325.07,BTCUSDT
2024-04-10 07:29:02.730,580.7,BNBUSDT
2024-04-10 07:29:04.370,3538.0,ETHUSDT
2024-04-10 07:29:04.728,69325.07,BTCUSDT
2024-04-10 07:29:05.728,580.8,BNBUSDT
2024-04-10 07:29:06.382,3538.77,ETHUSDT
2024-04-10 07:29:06.816,69327.31,BTCUSDT
2024-04-10 07:29:08.216,580.8,BNBUSDT
2024-04-10 07:29:08.502,3538.8,ETHUSDT
2024-04-10 07:29:09.728,69327.31,BTCUSDT
2024-04-10 07:29:10.238,580.8,BNBUSDT
2024-04-10 07:29:10.524,3539.4,ETHUSDT
2024-04-10 07:29:12.729,3539.8,ETHUSDT
2024-04-10 07:29:12.730,69332.01,BTCUSDT
2024-04-10 07:29:12.730,581.0,BNBUSDT
2024-04-10 07:29:14.742,69339.59,BTCUSDT
2024-04-10 07:29:14.748,3540.0,ETHUSDT
2024-04-10 07:29:15.729,580.9,BNBUSDT
2024-04-10 07:29:16.838,3540.01,ETHUSDT
2024-04-10 07:29:17.037,69339.59,BTCUSDT
2024-04-10 07:29:19.183,3540.14,ETHUSDT
2024-04-10 07:29:19.577,580.9,BNBUSDT
2024-04-10 07:29:19.729,69339.58,BTCUSDT
2024-04-10 07:29:21.206,3540.5,ETHUSDT
2024-04-10 07:29:22.097,69343.99,BTCUSDT
2024-04-10 07:29:22.523,581.0,BNBUSDT
2024-04-10 07:29:24.171,3540.63,ETHUSDT
2024-04-10 07:29:24.275,69343.99,BTCUSDT
2024-04-10 07:29:24.634,581.0,BNBUSDT
2024-04-10 07:29:26.372,69343.99,BTCUSDT
2024-04-10 07:29:26.729,3540.62,ETHUSDT
2024-04-10 07:29:27.369,581.0,BNBUSDT
2024-04-10 07:29:28.729,69344.0,BTCUSDT
2024-04-10 07:29:28.740,3540.62,ETHUSDT
2024-04-10 07:29:54.060,69359.24,BTCUSDT
2024-04-10 07:29:55.352,3540.01,ETHUSDT
2024-04-10 07:29:55.707,581.0,BNBUSDT
2024-04-10 07:29:56.675,69359.24,BTCUSDT
2024-04-10 07:29:57.731,3540.01,ETHUSDT
2024-04-10 10:59:39.127,68939.03,BTCUSDT
2024-04-10 10:59:39.542,3520.02,ETHUSDT
2024-04-10 10:59:40.528,587.8,BNBUSDT
2024-04-10 10:59:41.542,68939.03,BTCUSDT
2024-04-10 10:59:42.022,3520.02,ETHUSDT
2024-04-10 10:59:42.620,587.9,BNBUSDT
2024-04-10 10:59:43.654,68939.03,BTCUSDT
2024-04-10 10:59:44.076,3520.21,ETHUSDT
2024-04-10 10:59:44.707,587.8,BNBUSDT
2024-04-10 10:59:45.942,68939.03,BTCUSDT
2024-04-10 10:59:46.741,3520.21,ETHUSDT
2024-04-10 10:59:46.776,587.8,BNBUSDT
2024-04-10 10:59:48.053,68939.03,BTCUSDT
2024-04-10 10:59:48.809,3520.2,ETHUSDT
2024-04-10 10:59:48.861,587.8,BNBUSDT
2024-04-10 10:59:50.493,68939.04,BTCUSDT
2024-04-10 10:59:51.004,3520.2,ETHUSDT
2024-04-10 10:59:51.107,587.9,BNBUSDT
2024-04-10 10:59:52.843,68937.4,BTCUSDT
2024-04-10 10:59:53.017,3520.2,ETHUSDT
2024-04-10 10:59:53.435,587.8,BNBUSDT
2024-04-10 11:32:52.697,587.9,BNBUSDT
2024-04-10 11:32:52.930,3520.64,ETHUSDT
2024-04-10 11:32:53.138,69080.09,BTCUSDT
2024-04-10 11:32:55.024,588.0,BNBUSDT
2024-04-10 11:32:55.144,69080.09,BTCUSDT
2024-04-10 11:32:55.669,3520.65,ETHUSDT
2024-04-10 11:32:57.136,587.9,BNBUSDT
2024-04-10 11:32:57.323,69080.08,BTCUSDT
2024-04-10 11:32:57.777,3520.51,ETHUSDT
2024-04-10 11:32:59.474,69080.09,BTCUSDT
2024-04-10 11:32:59.670,588.0,BNBUSDT
2024-04-10 11:32:59.798,3520.51,ETHUSDT
2024-04-10 11:33:00.006,588.0,BNBUSDT
2024-04-10 11:33:00.007,69080.08,BTCUSDT
2024-04-10 11:33:00.009,3520.5,ETHUSDT
2024-04-10 13:59:36.379,583.3,BNBUSDT
2024-04-10 13:59:36.662,3463.01,ETHUSDT
2024-04-10 13:59:37.230,68271.85,BTCUSDT
2024-04-10 13:59:38.505,583.3,BNBUSDT
2024-04-10 13:59:38.849,3462.74,ETHUSDT
2024-04-10 13:59:39.243,68271.85,BTCUSDT
2024-04-10 13:59:40.630,583.3,BNBUSDT
2024-04-10 13:59:40.882,3461.8,ETHUSDT
2024-04-10 13:59:41.486,68271.85,BTCUSDT
2024-04-10 13:59:42.755,583.3,BNBUSDT
2024-04-10 13:59:42.897,3461.44,ETHUSDT
2024-04-10 13:59:43.497,68262.56,BTCUSDT
2024-04-10 13:59:44.879,583.3,BNBUSDT
2024-04-10 13:59:44.905,3460.08,ETHUSDT
2024-04-10 13:59:56.299,68245.58,BTCUSDT
2024-04-10 13:59:57.622,583.3,BNBUSDT
2024-04-10 13:59:58.231,3460.95,ETHUSDT
2024-04-10 13:59:58.362,68245.58,BTCUSDT
2024-04-10 13:59:59.770,583.4,BNBUSDT
2024-04-10 14:00:00.010,583.4,BNBUSDT
2024-04-10 14:00:00.015,68259.77,BTCUSDT
2024-04-10 14:00:00.020,3462.0,ETHUSDT
2024-04-10 14:00:02.062,68242.16,BTCUSDT
2024-04-10 14:00:02.225,3461.4,ETHUSDT
2024-04-10 14:00:02.259,583.5,BNBUSDT
2024-04-10 14:00:04.232,68210.29,BTCUSDT
2024-04-10 14:00:04.465,3460.28,ETHUSDT
2024-04-10 14:00:04.839,583.5,BNBUSDT
2024-04-10 14:00:06.321,68200.0,BTCUSDT
2024-04-10 14:00:06.981,3460.85,ETHUSDT
2024-04-10 14:00:07.149,583.6,BNBUSDT
2024-04-10 14:00:08.366,68204.0,BTCUSDT
2024-04-10 14:00:08.987,3460.32,ETHUSDT
2024-04-10 14:00:09.565,583.6,BNBUSDT
2024-04-10 14:00:10.369,68204.13,BTCUSDT
2024-04-10 14:00:10.990,3460.0,ETHUSDT
2024-04-10 14:00:11.631,583.7,BNBUSDT
2024-04-10 14:00:12.403,68204.12,BTCUSDT
2024-04-10 14:00:13.101,3459.68,ETHUSDT
2024-04-10 14:00:13.834,583.6,BNBUSDT
2024-04-10 14:00:14.459,68204.12,BTCUSDT
2024-04-10 14:00:15.232,3459.07,ETHUSDT
2024-04-10 14:00:15.882,583.5,BNBUSDT
2024-04-10 14:00:16.497,68190.77,BTCUSDT
2024-04-10 14:00:17.266,3458.88,ETHUSDT
2024-04-10 14:00:18.064,583.4,BNBUSDT
2024-04-10 14:00:18.619,68192.18,BTCUSDT
2024-04-10 14:00:19.384,3459.2,ETHUSDT
2024-04-10 14:00:20.079,583.5,BNBUSDT
2024-04-10 14:00:20.701,68200.19,BTCUSDT
2024-04-10 14:00:21.538,3458.4,ETHUSDT
2024-04-10 14:00:22.127,583.5,BNBUSDT
2024-04-10 14:00:22.742,68196.09,BTCUSDT
2024-04-10 14:00:23.624,3458.26,ETHUSDT
2024-04-10 14:00:24.583,583.5,BNBUSDT
2024-04-10 14:00:24.742,68196.01,BTCUSDT
2024-04-10 14:00:25.689,3459.19,ETHUSDT
2024-04-10 14:00:26.658,583.7,BNBUSDT
2024-04-10 14:00:26.765,68199.99,BTCUSDT
2024-04-10 14:00:27.727,3458.6,ETHUSDT
2024-04-10 14:00:28.796,68188.01,BTCUSDT
2024-04-10 14:00:28.914,583.7,BNBUSDT
2024-04-10 14:00:29.903,3458.01,ETHUSDT
2024-04-10 14:00:30.903,68188.0,BTCUSDT
2024-04-10 14:00:30.939,583.6,BNBUSDT
2024-04-10 14:00:32.062,3458.05,ETHUSDT
2024-04-10 14:00:32.938,68187.38,BTCUSDT
2024-04-10 14:00:32.964,583.5,BNBUSDT
2024-04-10 14:00:34.192,3456.8,ETHUSDT
2024-04-10 14:00:34.947,68184.04,BTCUSDT
2024-04-10 14:00:34.996,583.3,BNBUSDT
2024-04-10 14:00:36.201,3456.81,ETHUSDT
2024-04-10 14:00:37.111,583.3,BNBUSDT
2024-04-10 14:00:37.140,68182.22,BTCUSDT
2024-04-10 14:00:38.210,3457.2,ETHUSDT
2024-04-10 14:00:39.146,68182.23,BTCUSDT
2024-04-10 14:00:39.479,583.4,BNBUSDT
2024-04-10 14:00:40.226,3455.95,ETHUSDT
2024-04-10 14:00:41.253,68166.66,BTCUSDT
2024-04-10 14:00:41.483,583.1,BNBUSDT
2024-04-10 14:00:42.305,3455.09,ETHUSDT
2024-04-10 14:00:43.342,68156.57,BTCUSDT
2024-04-10 14:00:43.585,583.1,BNBUSDT
2024-04-10 14:00:44.336,3455.57,ETHUSDT
2024-04-10 14:00:45.511,68163.68,BTCUSDT
2024-04-10 14:00:45.686,583.2,BNBUSDT
2024-04-10 14:00:46.471,3455.56,ETHUSDT
2024-04-10 14:00:47.648,68163.68,BTCUSDT
2024-04-10 14:00:47.776,583.4,BNBUSDT
2024-04-10 14:00:48.572,3454.83,ETHUSDT
2024-04-10 14:00:49.680,68152.37,BTCUSDT
2024-04-10 14:00:49.785,583.3,BNBUSDT
2024-04-10 14:00:50.818,3455.15,ETHUSDT
2024-04-10 14:00:51.786,68154.8,BTCUSDT
2024-04-10 14:00:52.093,583.4,BNBUSDT
2024-04-10 14:00:53.234,3455.59,ETHUSDT
2024-04-10 14:00:53.838,68163.68,BTCUSDT
2024-04-10 14:00:54.235,583.4,BNBUSDT
2024-04-10 14:00:55.247,3455.18,ETHUSDT
2024-04-10 14:00:55.840,68144.0,BTCUSDT
2024-04-10 14:00:56.294,583.5,BNBUSDT
2024-04-10 14:00:57.249,3455.01,ETHUSDT
2024-04-10 14:00:57.908,68143.99,BTCUSDT
2024-04-10 14:00:58.868,583.6,BNBUSDT
2024-04-10 14:00:59.637,3455.4,ETHUSDT
2024-04-10 14:00:59.975,68143.99,BTCUSDT
2024-04-10 14:01:00.005,583.8,BNBUSDT
2024-04-10 14:01:00.006,68143.99,BTCUSDT
2024-04-10 14:01:00.007,3455.4,ETHUSDT
2024-04-10 14:01:02.032,3455.62,ETHUSDT
2024-04-10 14:01:02.094,583.7,BNBUSDT
2024-04-10 14:01:02.238,68152.34,BTCUSDT
2024-04-10 14:01:04.054,3455.0,ETHUSDT
2024-04-10 14:01:04.117,583.8,BNBUSDT
2024-04-10 14:01:04.439,68136.01,BTCUSDT
2024-04-10 14:01:06.120,583.7,BNBUSDT
2024-04-10 14:01:06.168,3455.62,ETHUSDT
2024-04-10 14:01:06.514,68152.35,BTCUSDT
2024-04-10 14:01:08.235,3455.02,ETHUSDT
2024-04-10 14:01:08.284,583.7,BNBUSDT
2024-04-10 14:01:08.567,68135.98,BTCUSDT
2024-04-10 14:01:10.336,3457.2,ETHUSDT
2024-04-10 14:01:10.615,68159.99,BTCUSDT
2024-04-10 14:01:10.650,584.3,BNBUSDT
2024-04-10 14:01:12.439,3458.03,ETHUSDT
2024-04-10 14:01:12.642,68174.38,BTCUSDT
2024-04-10 14:01:12.783,584.5,BNBUSDT
2024-04-10 14:01:14.752,3458.89,ETHUSDT
2024-04-10 14:01:14.845,584.6,BNBUSDT
2024-04-10 14:01:14.948,68188.0,BTCUSDT
2024-04-10 14:01:16.877,584.5,BNBUSDT
2024-04-10 14:01:16.977,68196.19,BTCUSDT
2024-04-10 14:01:17.020,3459.52,ETHUSDT
2024-04-10 14:01:18.886,584.4,BNBUSDT
2024-04-10 14:01:19.017,68174.38,BTCUSDT
2024-04-10 14:01:19.028,3458.21,ETHUSDT
2024-04-10 14:01:20.929,584.4,BNBUSDT
2024-04-10 14:01:21.163,68168.02,BTCUSDT
2024-04-10 14:01:21.236,3457.95,ETHUSDT
2024-04-10 14:01:23.106,584.4,BNBUSDT
2024-04-10 14:01:23.205,68168.02,BTCUSDT
2024-04-10 14:01:23.621,3457.26,ETHUSDT
2024-04-10 14:01:25.165,584.3,BNBUSDT
2024-04-10 14:01:25.221,68177.61,BTCUSDT
2024-04-10 14:01:25.803,3457.99,ETHUSDT
2024-04-10 14:01:27.236,584.4,BNBUSDT
2024-04-10 14:01:27.305,68187.99,BTCUSDT
2024-04-10 14:01:28.090,3458.58,ETHUSDT
2024-04-10 14:01:29.410,68187.99,BTCUSDT
2024-04-10 14:01:30.214,584.4,BNBUSDT
2024-04-10 14:01:30.803,3458.58,ETHUSDT
2024-04-10 14:01:31.444,68188.0,BTCUSDT
2024-04-10 14:01:32.551,584.3,BNBUSDT
2024-04-10 14:01:32.950,3457.66,ETHUSDT
2024-04-10 14:01:33.472,68189.49,BTCUSDT
2024-04-10 14:01:34.609,584.3,BNBUSDT
2024-04-10 14:01:35.060,3458.2,ETHUSDT
2024-04-10 14:01:35.509,68179.72,BTCUSDT
2024-04-10 14:01:37.129,584.1,BNBUSDT
2024-04-10 14:01:37.237,3457.66,ETHUSDT
2024-04-10 14:01:37.622,68174.64,BTCUSDT
2024-04-10 14:01:39.520,584.1,BNBUSDT
2024-04-10 14:01:39.576,3457.99,ETHUSDT
2024-04-10 14:01:39.872,68183.88,BTCUSDT
2024-04-10 14:01:41.587,3456.41,ETHUSDT
2024-04-10 14:01:41.642,584.0,BNBUSDT
2024-04-10 14:01:41.944,68155.99,BTCUSDT
2024-04-10 14:01:43.660,584.0,BNBUSDT
2024-04-10 14:01:43.679,3455.5,ETHUSDT
2024-04-10 14:01:44.238,68136.0,BTCUSDT
2024-04-10 14:01:45.813,3455.39,ETHUSDT
2024-04-10 14:01:46.126,583.9,BNBUSDT
2024-04-10 14:01:46.517,68136.0,BTCUSDT
2024-04-10 14:01:48.041,3455.72,ETHUSDT
2024-04-10 14:01:48.252,583.9,BNBUSDT
2024-04-10 14:01:48.623,68136.0,BTCUSDT
2024-04-10 14:01:50.148,3455.72,ETHUSDT
2024-04-10 14:01:50.357,583.9,BNBUSDT
2024-04-10 14:01:50.858,68130.79,BTCUSDT
2024-04-10 14:01:52.238,3455.32,ETHUSDT
2024-04-10 14:01:52.519,583.8,BNBUSDT
2024-04-10 14:01:52.991,68130.79,BTCUSDT
2024-04-10 14:01:54.248,3455.4,ETHUSDT
2024-04-10 14:01:54.653,583.9,BNBUSDT
2024-04-10 14:01:55.076,68130.78,BTCUSDT
2024-04-10 14:01:56.493,3455.41,ETHUSDT
2024-04-10 14:01:56.758,584.0,BNBUSDT
2024-04-10 14:01:57.238,68130.79,BTCUSDT
2024-04-10 14:01:58.847,584.0,BNBUSDT
2024-04-10 14:01:59.059,3455.11,ETHUSDT
2024-04-10 14:01:59.261,68124.02,BTCUSDT
2024-04-10 14:02:00.005,68124.02,BTCUSDT
2024-04-10 14:02:00.005,584.0,BNBUSDT
2024-04-10 14:02:00.006,3454.85,ETHUSDT
2024-04-10 14:02:02.013,68127.99,BTCUSDT
2024-04-10 14:02:02.177,3455.11,ETHUSDT
2024-04-10 14:02:02.230,584.1,BNBUSDT
2024-04-10 14:02:04.085,68112.18,BTCUSDT
2024-04-10 14:02:04.189,3454.21,ETHUSDT
2024-04-10 14:02:04.633,584.1,BNBUSDT
2024-04-10 14:02:06.239,3455.6,ETHUSDT
2024-04-10 14:02:06.242,68128.0,BTCUSDT
2024-04-10 14:02:06.980,584.2,BNBUSDT
2024-04-10 14:02:08.240,3457.28,ETHUSDT
2024-04-10 14:02:08.245,68144.12,BTCUSDT
2024-04-10 14:02:09.241,584.1,BNBUSDT
2024-04-10 14:02:10.310,68124.01,BTCUSDT
2024-04-10 14:02:10.418,3456.23,ETHUSDT
2024-04-10 14:02:11.245,584.1,BNBUSDT
2024-04-10 14:02:12.447,68112.01,BTCUSDT
2024-04-10 14:02:12.468,3455.6,ETHUSDT
2024-04-10 14:02:13.425,584.2,BNBUSDT
2024-04-10 14:02:14.474,68104.96,BTCUSDT
2024-04-10 14:02:14.564,3454.87,ETHUSDT
2024-04-10 14:02:15.453,584.1,BNBUSDT
2024-04-10 14:02:16.606,68109.43,BTCUSDT
2024-04-10 14:02:16.607,3454.88,ETHUSDT
2024-04-10 14:02:17.767,584.1,BNBUSDT
2024-04-10 14:02:18.628,3454.6,ETHUSDT
2024-04-10 14:02:18.773,68104.66,BTCUSDT
2024-04-10 14:02:19.974,584.0,BNBUSDT
2024-04-10 14:02:20.813,3454.39,ETHUSDT
2024-04-10 14:02:21.240,68104.67,BTCUSDT
2024-04-10 14:02:21.986,583.9,BNBUSDT
2024-04-10 14:02:23.042,3454.39,ETHUSDT
2024-04-10 14:02:23.467,68101.94,BTCUSDT
2024-04-10 14:02:24.156,583.9,BNBUSDT
2024-04-10 14:02:25.240,3454.21,ETHUSDT
2024-04-10 14:02:25.623,68101.95,BTCUSDT
2024-04-10 14:02:26.546,583.8,BNBUSDT
2024-04-10 14:02:27.625,3453.99,ETHUSDT
2024-04-10 14:02:27.665,68101.95,BTCUSDT
2024-04-10 14:02:28.662,583.8,BNBUSDT
2024-04-10 14:02:29.688,3453.65,ETHUSDT
2024-04-10 14:02:29.743,68101.94,BTCUSDT
2024-04-10 14:02:30.683,583.8,BNBUSDT
2024-04-10 14:02:31.704,3452.76,ETHUSDT
2024-04-10 14:02:32.071,68092.0,BTCUSDT
2024-04-10 14:02:32.919,583.8,BNBUSDT
2024-04-10 14:02:33.825,3452.43,ETHUSDT
2024-04-10 14:02:34.241,68085.61,BTCUSDT
2024-04-10 14:02:35.044,583.8,BNBUSDT
2024-04-10 14:02:36.241,3452.6,ETHUSDT
2024-04-10 14:02:36.279,68087.99,BTCUSDT
2024-04-10 14:02:37.172,583.9,BNBUSDT
2024-04-10 14:02:38.347,68093.07,BTCUSDT
2024-04-10 14:02:38.986,3453.0,ETHUSDT
2024-04-10 14:02:39.221,584.0,BNBUSDT
2024-04-10 14:02:40.367,68097.83,BTCUSDT
2024-04-10 14:02:41.176,3452.72,ETHUSDT
2024-04-10 14:02:41.334,584.0,BNBUSDT
2024-04-10 14:02:42.372,68095.25,BTCUSDT
2024-04-10 14:02:43.540,3453.2,ETHUSDT
2024-04-10 14:02:43.554,584.0,BNBUSDT
2024-04-10 14:02:44.873,68084.01,BTCUSDT
2024-04-10 14:02:45.687,584.0,BNBUSDT
2024-04-10 14:02:45.776,3452.32,ETHUSDT
2024-04-10 14:02:46.920,68083.38,BTCUSDT
2024-04-10 14:02:47.807,584.0,BNBUSDT
2024-04-10 14:02:48.228,3452.32,ETHUSDT
2024-04-10 14:02:48.977,68077.09,BTCUSDT
2024-04-10 14:02:49.933,584.0,BNBUSDT
2024-04-10 14:02:50.575,3452.32,ETHUSDT
2024-04-10 14:02:51.098,68077.1,BTCUSDT
2024-04-10 14:02:52.061,584.0,BNBUSDT
2024-04-10 14:02:52.749,3452.7,ETHUSDT
2024-04-10 15:18:46.565,3471.65,ETHUSDT
2024-04-10 15:18:46.717,588.5,BNBUSDT
2024-04-10 15:18:46.841,68449.5,BTCUSDT
2024-04-10 15:18:48.765,3471.45,ETHUSDT
2024-04-10 15:18:48.998,68449.5,BTCUSDT
2024-04-10 15:18:49.483,588.5,BNBUSDT
2024-04-10 15:18:51.016,68449.5,BTCUSDT
2024-04-10 15:18:51.485,588.6,BNBUSDT
2024-04-10 15:18:51.531,3471.46,ETHUSDT
2024-04-10 15:19:08.746,588.5,BNBUSDT
2024-04-10 15:19:08.970,3471.68,ETHUSDT
2024-04-10 15:19:09.458,68454.85,BTCUSDT
2024-04-10 15:19:10.806,588.5,BNBUSDT
2024-04-10 15:19:10.994,3470.6,ETHUSDT
2024-04-10 15:19:11.462,68436.01,BTCUSDT
2024-04-10 15:19:13.532,3470.07,ETHUSDT
2024-04-10 15:19:13.533,68425.95,BTCUSDT
2024-04-10 15:19:13.533,588.5,BNBUSDT
2024-04-10 15:19:15.653,588.6,BNBUSDT
2024-04-10 15:19:15.681,3470.0,ETHUSDT
2024-04-10 15:19:15.705,68422.69,BTCUSDT
2024-04-10 15:19:17.700,588.5,BNBUSDT
2024-04-10 15:19:17.742,68422.7,BTCUSDT
2024-04-10 15:19:18.027,3469.74,ETHUSDT
2024-04-10 15:19:19.725,588.5,BNBUSDT
2024-04-10 15:19:19.929,68413.0,BTCUSDT
2024-04-10 15:19:20.262,3469.2,ETHUSDT
2024-04-10 15:19:21.748,588.5,BNBUSDT
2024-04-10 15:19:21.990,68407.76,BTCUSDT
2024-04-10 15:19:32.608,68415.65,BTCUSDT
2024-04-10 15:19:32.955,3469.55,ETHUSDT
2024-04-10 15:19:33.168,588.8,BNBUSDT
2024-04-10 15:19:34.637,68423.74,BTCUSDT
2024-04-10 15:19:35.413,588.8,BNBUSDT
2024-04-10 15:19:35.489,3469.93,ETHUSDT
2024-04-10 15:19:37.214,68423.75,BTCUSDT
2024-04-10 15:19:37.534,3469.93,ETHUSDT
2024-04-10 15:19:37.793,588.9,BNBUSDT
2024-04-10 15:19:39.501,68423.74,BTCUSDT
2024-04-10 15:19:39.778,3469.99,ETHUSDT
2024-04-10 15:19:39.911,588.9,BNBUSDT
